{
  "split": "time_based_split(Time quantile=0.8)",
  "feature_means": {
    "Time": 79042.79531699182,
    "V1": -0.0671807886436662,
    "V2": -0.013512367785584109,
    "V3": 0.18250893460237377,
    "V4": 0.0437907890841248,
    "V5": -0.06372896657486576,
    "V6": 0.03053696645450902,
    "V7": -0.02684287375413841,
    "V8": 0.003985479702046565,
    "V9": 0.002220497235710014,
    "V10": -0.0017066290931035915,
    "V11": 0.07627638250133839,
    "V12": -0.04499654874043636,
    "V13": 0.01671189088678469,
    "V14": 0.03286924831904084,
    "V15": 0.04911347249650399,
    "V16": -0.00550796087393739,
    "V17": 0.015156597318730262,
    "V18": -0.022870937700297772,
    "V19": -0.007285454317378655,
    "V20": 0.009947285774026975,
    "V21": -0.006619586624261604,
    "V22": -0.02291297215125675,
    "V23": -0.009914628061116792,
    "V24": 0.0011059722887981763,
    "V25": 0.03805781800473022,
    "V26": 0.0028380958044875193,
    "V27": 0.00022927098072016624,
    "V28": 0.001961940458720582,
    "Amount": 90.82491944084795
  },
  "feature_stds": {
    "Time": 39505.94276573744,
    "V1": 1.943481968532859,
    "V2": 1.6579470219244443,
    "V3": 1.4904243735617027,
    "V4": 1.4112836904129604,
    "V5": 1.3731064301419964,
    "V6": 1.3214177328442567,
    "V7": 1.228240071268305,
    "V8": 1.209607516678672,
    "V9": 1.1234212557755447,
    "V10": 1.0939307453720044,
    "V11": 1.0335140508233462,
    "V12": 1.055864655576294,
    "V13": 1.0195897356107813,
    "V14": 0.9657233930649143,
    "V15": 0.9339135778918355,
    "V16": 0.8856316328371074,
    "V17": 0.8741723765790194,
    "V18": 0.8427845395418114,
    "V19": 0.8200225072318831,
    "V20": 0.7790391147684611,
    "V21": 0.7444859785102912,
    "V22": 0.7086462969529437,
    "V23": 0.6305422542705679,
    "V24": 0.605982290423951,
    "V25": 0.5077825845332476,
    "V26": 0.4867007397153583,
    "V27": 0.4004592962094562,
    "V28": 0.33413100413815144,
    "Amount": 250.5037712831856
  }
}